floor,eggs_1,eggs_2
10,3.2920000000435934,19.707999999951653
100,5.125000000050228,1107.0829999999532
1000,48.79200000007522,112978.50000000009
10000,475.20800000000474,11558920.457999999
